#airframe_info, log_version="1.01", airframe_name="Cirrus SR22 Turbo", unit_software_part_number="006-B1177-52", unit_software_version="20.10", system_software_part_number="006-B2647-04", system_id="2591155B3", mode=NORMAL, flightstream_header="2591155B3_20000101_000000", 
#yyy-mm-dd, hh:mm:ss,   hh:mm,  ident,      degrees,      degrees, ft Baro,  inch,  ft msl, deg C,     kt,     kt,     fpm,    deg,    deg,      G,      G,   deg,   deg, volts, volts,  amps,   gals,   gals,      gph,   deg F,     psi,     Hg,    rpm,       %,   deg F,   deg F,   deg F,   deg F,   deg F,   deg F,   deg F,   deg F,   deg F,   deg F,   deg F,   deg F,   deg F,   deg F,  ft wgs,  kt, enum,    deg,    MHz,    MHz,     MHz,     MHz,    fsd,    fsd,     kt,   deg,     nm,    deg,    deg,   bool,  enum,   enum,   deg,   deg,   fpm,   enum,   mt,    mt,     mt,    mt,     mt
  Lcl Date, Lcl Time, UTCOfst, AtvWpt,     Latitude,    Longitude,    AltB, BaroA,  AltMSL,   OAT,    IAS, GndSpd,    VSpd,  Pitch,   Roll,  LatAc, NormAc,   HDG,   TRK, volt1, volt2,  amp1,  FQtyL,  FQtyR, E1 FFlow, E1 OilT, E1 OilP, E1 MAP, E1 RPM, E1 %Pwr, E1 CHT1, E1 CHT2, E1 CHT3, E1 CHT4, E1 CHT5, E1 CHT6, E1 EGT1, E1 EGT2, E1 EGT3, E1 EGT4, E1 EGT5, E1 EGT6, E1 TIT1, E1 TIT2,  AltGPS, TAS, HSIS,    CRS,   NAV1,   NAV2,    COM1,    COM2,   HCDI,   VCDI, WndSpd, WndDr, WptDst, WptBrg, MagVar, AfcsOn, RollM, PitchM, RollC, PichC, VSpdG, GPSfix,  HAL,   VAL, HPLwas, HPLfd, VPLwas
          ,         ,        ,       ,             ,             ,        , 29.84,        ,      ,       ,       ,        ,       ,       ,       ,       ,      ,      ,      ,      ,      ,       ,       ,         ,        ,        ,       ,       ,        ,        ,        ,        ,        ,        ,        ,        ,        ,        ,        ,        ,        ,        ,        ,        ,    ,  GPS,  230.4, 109.30, 109.30, 120.700, 121.900,       ,       ,       ,      ,       ,       ,    0.0,       ,      ,       ,      ,      ,      , NoSoln, 3704,      ,       ,      ,       
          ,         ,        ,       ,             ,             ,        , 29.84,        ,      ,       ,       ,        ,       ,       ,       ,       ,      ,      ,      ,      ,      ,       ,       ,         ,        ,        ,       ,       ,        ,        ,        ,        ,        ,        ,        ,        ,        ,        ,        ,        ,        ,        ,        ,        ,    ,  GPS,  230.4, 109.30, 109.30, 120.700, 121.900,       ,       ,       ,      ,       ,       ,  -14.3,       ,      ,       ,      ,      ,      , NoSoln, 3704,      ,       ,      ,       
          ,         ,        ,       ,             ,             ,        , 29.84,        ,      ,       ,       ,        ,       ,       ,       ,       ,      ,      ,      ,      ,      ,       ,       ,         ,        ,        ,       ,       ,        ,        ,        ,        ,        ,        ,        ,        ,        ,        ,        ,        ,        ,        ,        ,        ,    ,  GPS,  230.4, 109.30, 109.30, 120.700, 121.900,       ,       ,       ,      ,       ,       ,  -14.3,       ,      ,       ,      ,      ,      , NoSoln, 3704,      ,       ,      ,       
2017-12-06, 08:51:37,  -05:00,       ,             ,             ,    43.8, 29.84,        ,      ,       ,       ,        ,       ,       ,       ,       ,      ,      ,      ,      ,      ,       ,       ,         ,        ,        ,       ,       ,        ,        ,        ,        ,        ,        ,        ,        ,        ,        ,        ,        ,        ,        ,        ,        ,    ,  GPS,  230.4, 109.30, 109.30, 120.700, 121.900,       ,       ,       ,      ,       ,       ,  -14.3,      0,  NONE,   NONE,      ,      ,      , NoSoln, 3704,      ,       ,      ,       
2017-12-06, 08:51:38,  -05:00,       ,             ,             ,    43.8, 29.84,        ,      ,   0.00,       ,        ,       ,       ,       ,       ,      ,      ,      ,      ,      ,       ,       ,         ,        ,        ,       ,       ,        ,        ,        ,        ,        ,        ,        ,        ,        ,        ,        ,        ,        ,        ,        ,        ,   0,  GPS,  230.4, 109.30, 109.30, 120.700, 121.900,       ,       ,       ,      ,       ,       ,  -14.3,      0,  NONE,   NONE,      ,      ,      , NoSoln, 3704,      ,       ,      ,       
2017-12-06, 08:51:39,  -05:00,       ,             ,             ,    43.8, 29.84,        ,  11.0,   0.00,       ,        ,       ,       ,       ,       ,      ,      ,      ,      ,      ,       ,       ,         ,        ,        ,       ,       ,        ,        ,        ,        ,        ,        ,        ,        ,        ,        ,        ,        ,        ,        ,        ,        ,   0,  GPS,  230.4, 109.30, 109.30, 120.700, 121.900,       ,       ,       ,      ,       ,       ,  -14.3,      0,  NONE,   NONE,      ,      ,      , NoSoln, 1852,     0,       ,      ,       
2017-12-06, 08:51:39,  -05:00,       ,             ,             ,    42.8, 29.84,        ,  11.0,   0.00,       ,        ,       ,       ,       ,       ,      ,      ,      ,      ,      ,       ,       ,         ,        ,        ,       ,       ,        ,        ,        ,        ,        ,        ,        ,        ,        ,        ,        ,        ,        ,        ,        ,        ,   0,  GPS,  230.4, 109.30, 109.30, 120.700, 121.900,       ,       ,       ,      ,       ,       ,  -14.3,      0,  NONE,   NONE,      ,      ,      , NoSoln, 3704,      ,       ,      ,       
2017-12-06, 08:51:40,  -05:00,       ,             ,             ,    42.8, 29.84,        ,  11.0,   0.00,       ,        ,       ,       ,       ,       ,      ,      ,      ,      ,      ,       ,       ,         ,        ,        ,       ,       ,        ,        ,        ,        ,        ,        ,        ,        ,        ,        ,        ,        ,        ,        ,        ,        ,   0,  GPS,  230.4, 109.30, 109.30, 120.700, 121.900,       ,       ,       ,      ,       ,       ,  -14.3,      0,  NONE,   NONE,      ,      ,      , NoSoln, 3704,      ,       ,      ,       
2017-12-06, 08:51:41,  -05:00,       ,             ,             ,    42.8, 29.84,        ,  11.0,   0.00,       ,  -30.56,       ,       ,       ,       ,      ,      ,  24.9,  24.3,  -7.0,       ,       ,     0.00,  172.51,   -1.01,  29.88,    0.0,    0.00,  227.62,  218.46,  223.50,  216.52,  211.86,  191.63,  302.11,  329.03,  255.48,  262.39,  235.89,  224.18,  953.61,  425.13,        ,   0,  GPS,  230.4, 109.30, 109.30, 120.700, 121.900,       ,       ,       ,      ,       ,       ,  -14.3,      0,  NONE,   NONE,      ,      ,      , NoSoln, 3704,      ,       ,      ,       
2017-12-06, 08:51:42,  -05:00,       ,             ,             ,    42.8, 29.84,        ,  11.0,   0.00,       ,  -17.67,       ,       ,       ,       ,      ,      ,  24.9,  24.3,  -7.0,  40.09,  37.16,     0.00,  172.52,   -1.01,  29.87,    0.0,    0.00,  227.59,  218.46,  223.47,  216.52,  211.84,  191.63,  302.61,  328.84,  255.37,  262.17,  235.66,  224.00,  996.00,  424.78,        ,   0,  GPS,  230.4, 109.30, 109.30, 120.700, 121.900,       ,       ,       ,      ,       ,       ,  -14.3,      0,  NONE,   NONE,      ,      ,      , NoSoln, 3704,      ,       ,      ,       
2017-12-06, 08:51:43,  -05:00,       ,             ,             ,    42.8, 29.84,        ,  11.0,   0.00,       ,  -16.06,       ,       ,       ,       ,      ,      ,  24.9,  24.3,  -7.0,  40.09,  37.16,     0.00,  172.53,   -1.00,  29.87,    0.0,    0.00,  227.59,  218.43,  223.46,  216.52,  211.83,  191.60,  302.11,  328.73,  255.23,  262.11,  235.48,  223.82, 1034.90,  424.32,        ,   0,  GPS,  230.4, 109.30, 109.30, 120.700, 121.900,       ,       ,       ,      ,       ,       ,  -14.3,      0,  NONE,   NONE,      ,      ,      , NoSoln, 3704,      ,       ,      ,       
2017-12-06, 08:51:44,  -05:00,       ,             ,             ,    41.8, 29.84,        ,  11.0,   0.00,       ,  -16.00,       ,       ,       ,       ,      ,      ,  24.9,  24.3,  -7.1,  40.09,  37.16,     0.00,  172.54,   -1.00,  29.87,    0.0,    0.00,  227.56,  218.42,  223.44,  216.49,  211.80,  191.60,  301.29,  328.53,  255.10,  261.94,  235.31,  223.69, 1070.77,  424.17,        ,   0,  GPS,  230.4, 109.30, 109.30, 120.700, 121.900,       ,       ,       ,      ,       ,       ,  -14.3,      0,  NONE,   NONE,      ,      ,      , NoSoln, 3704,      ,       ,      ,       
2017-12-06, 08:51:45,  -05:00,       ,             ,             ,    41.8, 29.84,        ,  11.0,   0.00,       ,  -16.00,       ,       ,       ,       ,      ,      ,  24.9,  24.3,  -7.1,  40.08,  37.15,     0.00,  172.54,   -1.00,  29.87,    0.0,    0.00,  227.53,  218.40,  223.43,  216.46,  211.78,  191.59,  300.60,  328.37,  254.93,  261.71,  235.16,  223.56, 1103.52,  424.04,        ,   0,  GPS,  230.4, 109.30, 109.30, 120.700, 121.900,       ,       ,       ,      ,       ,       ,  -14.3,      0,  NONE,   NONE,      ,      ,      , NoSoln, 3704,      ,       ,      ,       
2017-12-06, 08:51:46,  -05:00,       ,             ,             ,    41.8, 29.84,        ,  11.0,   0.00,       ,  -16.00,       ,       ,       ,       ,      ,      ,  24.9,  24.3,  -7.1,  40.08,  37.15,     0.00,  172.55,   -1.00,  29.87,    0.0,    0.00,  227.50,  218.37,  223.41,  216.46,  211.77,  191.57,  300.25,  328.24,  254.71,  261.46,  234.98,  223.38, 1133.69,  423.90,        ,   0,  GPS,  230.4, 109.30, 109.30, 120.700, 121.900,       ,       ,       ,      ,       ,       ,  -14.3,      0,  NONE,   NONE,      ,      ,      , NoSoln, 3704,      ,       ,      ,       
2017-12-06, 08:51:47,  -05:00,       ,             ,             ,    41.8, 29.84,        ,  11.0,   0.00,       ,  -16.00,       ,       ,       ,       ,      ,      ,  24.9,  24.3,  -7.1,  40.08,  37.15,         ,        ,        ,       ,       ,    0.00,        ,        ,        ,        ,        ,        ,        ,  328.12,        ,        ,        ,  223.33,        ,        ,        ,   0,  GPS,  230.4, 109.30, 109.30, 120.700, 121.900,       ,       ,       ,      ,       ,       ,  -14.3,      0,  NONE,   NONE,      ,      ,      , NoSoln, 3704,      ,       ,      ,       
2017-12-06, 08:51:48,  -05:00,       ,             ,             ,    41.8, 29.84,        ,  11.0,   0.00,       ,  -16.00,       ,       ,       ,       ,      ,      ,      ,      ,      ,  40.08,  37.15,         ,        ,        ,       ,       ,    0.00,        ,        ,        ,        ,        ,        ,        ,        ,        ,        ,        ,        ,        ,        ,        ,   0,  GPS,  230.4, 109.30, 109.30, 120.700, 121.900,       ,       ,       ,      ,       ,       ,  -14.3,      0,  NONE,   NONE,      ,      ,      , NoSoln, 3704,      ,       ,      ,       
2017-12-06, 08:51:49,  -05:00,       ,             ,             ,    41.8, 29.84,        ,  11.0,   0.00,       ,  -16.00,       ,       ,       ,       ,      ,      ,      ,      ,      ,  40.08,  37.15,         ,        ,        ,       ,       ,    0.00,        ,        ,        ,        ,        ,        ,        ,        ,        ,        ,        ,        ,        ,        ,        ,   0,  GPS,  230.4, 109.30, 109.30, 120.700, 121.900,       ,       ,       ,      ,       ,       ,  -14.3,      0,  NONE,   NONE,      ,      ,      , NoSoln, 3704,      ,       ,      ,       
2017-12-06, 08:51:50,  -05:00,       ,             ,             ,    40.8, 29.84,        ,  11.0,   0.00,       ,  -16.00,       ,       ,       ,       ,      ,      ,      ,      ,      ,  40.08,       ,         ,        ,        ,       ,       ,    0.00,        ,        ,        ,        ,        ,        ,        ,        ,        ,        ,        ,        ,        ,        ,        ,   0,  GPS,  230.4, 109.30, 109.30, 120.700, 121.900,       ,       ,       ,      ,       ,       ,  -14.3,      0,  NONE,   NONE,      ,      ,      , NoSoln, 3704,      ,       ,      ,       
2017-12-06, 08:51:51,  -05:00,       ,             ,             ,    40.8, 29.84,        ,  11.0,   0.00,       ,  -16.00,       ,       ,       ,       ,      ,      ,  24.9,  24.3,  -7.0,       ,       ,     0.00,  172.55,   -1.00,  29.87,    0.0,    0.00,  227.41,  218.28,  223.29,  216.38,  211.64,  191.48,  300.24,  326.79,  253.86,  260.53,  234.13,  222.60, 1252.57,  424.05,        ,   0,  GPS,  230.4, 109.30, 109.30, 120.700, 121.900,       ,       ,       ,      ,       ,       ,  -14.3,      0,  NONE,   NONE,      ,      ,      , NoSoln, 3704,      ,       ,      ,       
2017-12-06, 08:51:52,  -05:00,       ,             ,             ,    40.8, 29.84,        ,  11.0,   0.00,       ,  -16.00,       ,       ,       ,       ,      ,      ,  24.9,  24.3,  -7.0,  40.08,  37.15,     0.00,  172.56,   -1.00,  29.88,    0.0,    0.00,  227.40,  218.28,  223.29,  216.35,  211.63,  191.48,  299.76,  326.98,  253.64,  260.38,  233.98,  222.38, 1271.12,  423.96,        ,   0,  GPS,  230.4, 109.30, 109.30, 120.700, 121.900,       ,       ,       ,      ,       ,       ,  -14.3,      0,  NONE,   NONE,      ,      ,      , NoSoln, 3704,      ,       ,      ,       
2017-12-06, 08:51:53,  -05:00,       ,             ,             ,    40.8, 29.84,        ,  11.0,   0.00,       ,  -16.00,       ,       ,       ,       ,      ,      ,  24.9,  24.3,  -7.0,  40.08,  37.14,     0.00,  172.57,   -0.99,  29.88,    0.0,    0.00,  227.39,  218.25,  223.26,  216.32,  211.60,  191.45,  299.52,  327.00,  253.45,  260.19,  233.80,  222.16, 1288.11,  423.92,        ,   0,  GPS,  230.4, 109.30, 109.30, 120.700, 121.900,       ,       ,       ,      ,       ,       ,  -14.3,      0,  NONE,   NONE,      ,      ,      , NoSoln, 3704,      ,       ,      ,       
2017-12-06, 08:51:54,  -05:00,       ,             ,             ,    40.8, 29.84,        ,  11.0,   0.00,       ,  -16.00,       ,       ,       ,       ,      ,      ,  24.9,  24.3,  -7.0,  40.08,  37.15,     0.00,  172.57,   -0.99,  29.88,    0.0,    0.00,  227.33,  218.22,  223.24,  216.31,  211.57,  191.45,  299.72,  326.95,  253.26,  259.97,  233.62,  221.98, 1303.76,  423.81,        ,   0,  GPS,  230.4, 109.30, 109.30, 120.700, 121.900,       ,       ,       ,      ,       ,       ,  -14.3,      0,  NONE,   NONE,      ,      ,      , NoSoln, 3704,      ,       ,      ,       
2017-12-06, 08:51:55,  -05:00,       ,             ,             ,    40.8, 29.84,        ,  11.0,   0.00,       ,  -16.00,       ,       ,       ,       ,      ,      ,  24.9,  24.3,  -7.0,  40.08,  37.14,     0.00,  172.56,   -1.00,  29.87,    0.0,    0.00,  227.34,  218.19,  223.21,  216.31,  211.55,  191.42,  299.18,  327.08,  252.95,  259.82,  233.43,  221.80, 1318.25,  423.84,        ,   0,  GPS,  230.4, 109.30, 109.30, 120.700, 121.900,       ,       ,       ,      ,       ,       ,  -14.3,      0,  NONE,   NONE,      ,      ,      , NoSoln, 3704,      ,       ,      ,       
2017-12-06, 08:51:56,  -05:00,       ,             ,             ,    40.8, 29.84,        ,  11.0,   0.00,       ,  -16.00,       ,       ,       ,       ,      ,      ,  24.9,  24.3,  -6.9,  40.08,  37.14,     0.00,  172.56,   -0.99,  29.87,    0.0,    0.00,  227.30,  218.17,  223.20,  216.28,  211.54,  191.39,  298.85,  327.16,  252.85,  259.78,  233.31,  221.65, 1331.45,  423.83,        ,   0,  GPS,  230.4, 109.30, 109.30, 120.700, 121.900,       ,       ,       ,      ,       ,       ,  -14.3,      0,  NONE,   NONE,      ,      ,      , NoSoln, 3704,      ,       ,      ,       
2017-12-06, 08:51:57,  -05:00,       ,             ,             ,    40.8, 29.84,        ,  11.0,   0.00,       ,  -16.00,       ,       ,       ,       ,      ,      ,  24.9,  24.3,  -6.9,  40.08,  37.14,     0.00,  172.57,   -0.99,  29.87,    0.0,    0.00,  227.29,  218.16,  223.17,  216.26,  211.49,  191.39,  298.41,  326.77,  252.67,  259.60,  233.17,  221.51, 1343.64,  423.16,        ,   0,  GPS,  230.4, 109.30, 109.30, 120.700, 121.900,       ,       ,       ,      ,       ,       ,  -14.3,      0,  NONE,   NONE,      ,      ,      , NoSoln, 3704,      ,       ,      ,       
2017-12-06, 08:51:58,  -05:00,       ,             ,             ,    40.8, 29.84,        ,  11.0,   0.00,       ,  -16.00,       ,       ,       ,       ,      ,      ,  24.9,  24.3,  -6.9,  40.08,  37.14,     0.00,  172.57,   -0.99,  29.87,    0.0,    0.00,  227.25,  218.16,  223.14,  216.23,  211.46,  191.36,  298.20,  326.24,  252.32,  259.24,  232.91,  221.28, 1354.64,  422.26,        ,   0,  GPS,  230.4, 109.30, 109.30, 120.700, 121.900,       ,       ,       ,      ,       ,       ,  -14.3,      0,  NONE,   NONE,      ,      ,      , NoSoln, 3704,      ,       ,      ,       
2017-12-06, 08:51:59,  -05:00,       ,             ,             ,    40.8, 29.84,        ,  11.0,   0.00,       ,  -16.00,       ,       ,       ,       ,      ,      ,  24.9,  24.3,  -6.9,  40.08,  37.14,     0.00,  172.58,   -1.00,  29.87,    0.0,    0.00,  227.25,  218.13,  223.11,  216.22,  211.45,  191.34,  298.16,  325.47,  252.16,  258.93,  232.76,  221.10, 1364.76,  421.83,        ,   0,  GPS,  230.4, 109.30, 109.30, 120.700, 121.900,       ,       ,       ,      ,       ,       ,  -14.3,      0,  NONE,   NONE,      ,      ,      , NoSoln, 3704,      ,       ,      ,       
2017-12-06, 08:52:01,  -05:00,       ,             ,             ,    39.8, 29.84,        ,  11.0,   0.00,       ,  -16.00,       ,       ,       ,       ,      ,      ,  24.9,  24.3,  -6.9,  40.08,  37.14,     0.00,  172.57,   -1.00,  29.88,    0.0,    0.00,  227.20,  218.10,  223.11,  216.20,  211.42,  191.33,  297.49,  324.87,  251.80,  258.64,  232.55,  220.86, 1373.78,  421.21,        ,   0,  GPS,  230.4, 109.30, 109.30, 120.700, 121.900,       ,       ,       ,      ,       ,       ,  -14.3,      0,  NONE,   NONE,      ,      ,      , NoSoln, 3704,      ,       ,      ,       
2017-12-06, 08:52:02,  -05:00,       ,             ,             ,    39.8, 29.84,        ,  11.0,   0.00,       ,  -16.00,       ,       ,       ,       ,      ,      ,  24.9,  24.3,  -6.9,  40.08,  37.13,     0.00,  172.59,   -1.00,  29.87,    0.0,    0.00,  227.19,  218.07,  223.08,  216.19,  211.37,  191.33,  297.31,  324.88,  251.71,  258.57,  232.46,  220.75, 1382.09,  419.88,        ,   0,  GPS,  230.4, 109.30, 109.30, 120.700, 121.900,       ,       ,       ,      ,       ,       ,  -14.3,      0,  NONE,   NONE,      ,      ,      , NoSoln, 3704,      ,       ,      ,       
2017-12-06, 08:52:03,  -05:00,       ,             ,             ,    39.8, 29.84,        ,  11.0,   0.00,       ,  -16.00,       ,       ,       ,       ,      ,      ,  24.9,  24.3,  -6.9,  40.08,  37.13,     0.00,  172.57,   -1.00,  29.87,    0.0,    0.00,  227.14,  218.04,  223.05,  216.16,  211.36,  191.30,  296.81,  324.54,  251.54,  258.37,  232.26,  220.55, 1389.49,  419.09,        ,   0,  GPS,  230.4, 109.30, 109.30, 120.700, 121.900,       ,       ,       ,      ,       ,       ,  -14.3,      0,  NONE,   NONE,      ,      ,      , NoSoln, 3704,      ,       ,      ,       
2017-12-06, 08:52:04,  -05:00,       ,             ,             ,    39.8, 29.84,        ,  11.0,   0.00,       ,  -16.00,       ,       ,       ,       ,      ,      ,  24.9,  24.3,  -6.9,  40.08,  37.13,     0.00,  172.57,   -0.99,  29.87,    0.0,    0.00,  227.12,  218.01,  223.04,  216.14,  211.34,  191.27,  296.55,  324.47,  251.45,  258.30,  232.14,  220.40, 1396.09,  418.84,        ,   0,  GPS,  230.4, 109.30, 109.30, 120.700, 121.900,       ,       ,       ,      ,       ,       ,  -14.3,      0,  NONE,   NONE,      ,      ,      , NoSoln, 3704,      ,       ,      ,       
2017-12-06, 08:52:05,  -05:00,       ,             ,             ,    39.8, 29.84,        ,  11.0,   0.00,       ,  -16.00,       ,       ,       ,       ,      ,      ,  24.9,  24.3,  -6.8,  40.08,  37.13,     0.00,  172.56,   -1.00,  29.87,    0.0,    0.00,  227.10,  218.01,  222.99,  216.11,  211.31,  191.27,  296.30,  324.41,  251.24,  258.09,  231.92,  220.15, 1401.73,  418.61,        ,   0,  GPS,  230.4, 109.30, 109.30, 120.700, 121.900,       ,       ,       ,      ,       ,       ,  -14.3,      0,  NONE,   NONE,      ,      ,      , NoSoln, 3704,      ,       ,      ,       
2017-12-06, 08:52:06,  -05:00,       ,             ,             ,    39.8, 29.84,        ,  11.0,   0.00,       ,  -16.00,       ,       ,       ,       ,      ,      ,  24.9,  24.3,  -6.8,  40.08,  37.13,     0.00,  172.58,   -1.00,  29.87,    0.0,    0.00,  227.08,  217.98,  222.98,  216.10,  211.30,  191.24,  296.42,  324.20,  251.08,  257.91,  231.78,  220.00, 1406.96,  418.46,        ,   0,  GPS,  230.4, 109.30, 109.30, 120.700, 121.900,       ,       ,       ,      ,       ,       ,  -14.3,      0,  NONE,   NONE,      ,      ,      , NoSoln, 3704,      ,       ,      ,       
2017-12-06, 08:52:07,  -05:00,       ,             ,             ,    39.8, 29.84,        ,  11.0,   0.00,       ,  -16.00,       ,       ,       ,       ,      ,      ,  24.9,  24.3,  -6.8,  40.08,  37.13,     0.00,  172.57,   -1.00,  29.88,    0.0,    0.00,  227.05,  217.95,  222.94,  216.08,  211.25,  191.24,  296.80,  323.82,  250.93,  257.74,  231.63,  219.81, 1411.57,  417.90,        ,   0,  GPS,  230.4, 109.30, 109.30, 120.700, 121.900,       ,       ,       ,      ,       ,       ,  -14.3,      0,  NONE,   NONE,      ,      ,      , NoSoln, 3704,      ,       ,      ,       
2017-12-06, 08:52:08,  -05:00,       ,             ,             ,    39.8, 29.84,        ,  11.0,   0.00,       ,  -16.00,       ,       ,       ,       ,      ,      ,  24.9,  24.3,  -6.7,  40.08,  37.13,     0.00,  172.57,   -1.00,  29.88,    0.0,    0.00,  227.02,  217.94,  222.93,  216.07,  211.25,  191.21,  296.65,  323.57,  250.71,  257.56,  231.46,  219.64, 1415.54,  417.79,        ,   0,  GPS,  230.4, 109.30, 109.30, 120.700, 121.900,       ,       ,       ,      ,       ,       ,  -14.3,      0,  NONE,   NONE,      ,      ,      , NoSoln, 3704,      ,       ,      ,       
2017-12-06, 08:52:09,  -05:00,       ,             ,             ,    39.8, 29.84,        ,  11.0,   0.00,       ,  -16.00,       ,       ,       ,       ,      ,      ,  24.9,  24.3,  -6.7,  40.08,  37.13,     0.00,  172.57,   -1.00,  29.88,    0.0,    0.00,  226.99,  217.90,  222.90,  216.04,  211.21,  191.19,  296.49,  323.06,  250.54,  257.30,  231.26,  219.43, 1418.92,  417.31,        ,   0,  GPS,  230.4, 109.30, 109.30, 120.700, 121.900,       ,       ,       ,      ,       ,       ,  -14.3,      0,  NONE,   NONE,      ,      ,      , NoSoln, 3704,      ,       ,      ,       
2017-12-06, 08:52:10,  -05:00,       ,             ,             ,    39.8, 29.84,        ,  11.0,   0.00,       ,  -11.95,       ,       ,       ,       ,      ,      ,  24.9,  24.3,  -6.7,  40.07,  37.13,     0.00,  172.57,   -1.00,  29.87,    0.0,    0.00,  226.96,  217.89,  222.87,  216.01,  211.17,  191.16,  295.84,  323.03,  250.52,  257.09,  231.12,  219.31, 1421.82,  416.71,        ,   0,  GPS,  230.4, 109.30, 109.30, 120.700, 121.900,       ,       ,       ,      ,       ,       ,  -14.3,      0,  NONE,   NONE,      ,      ,      , NoSoln, 3704,      ,       ,      ,       
2017-12-06, 08:52:11,  -05:00,       ,             ,             ,    39.8, 29.84,        ,  11.0,   0.00,       ,  -14.35,       ,       ,       ,       ,      ,      ,  24.9,  24.3,  -6.7,  40.07,  37.13,     0.00,  172.56,   -1.00,  29.87,    0.0,    0.00,  226.96,  217.86,  222.84,  215.99,  211.16,  191.14,  295.57,  322.81,  250.41,  256.89,  230.96,  219.12, 1424.15,  415.69,        ,   0,  GPS,  230.4, 109.30, 109.30, 120.700, 121.900,       ,       ,       ,      ,       ,       ,  -14.3,      0,  NONE,   NONE,      ,      ,      , NoSoln, 3704,      ,       ,      ,       
2017-12-06, 08:52:12,  -05:00,       ,             ,             ,    39.8, 29.84,        ,  11.0,   0.00,       ,  -15.94,       ,       ,       ,       ,      ,      ,  24.9,  24.3,  -6.7,  40.07,  37.13,     0.00,  172.57,   -1.00,  29.87,    0.0,    0.00,  226.93,  217.83,  222.85,  215.95,  211.15,  191.13,  295.32,  322.54,  250.23,  256.67,  230.79,  218.87, 1426.02,  415.06,        ,   0,  GPS,  230.4, 109.30, 109.30, 120.700, 121.900,       ,       ,       ,      ,       ,       ,  -14.3,      0,  NONE,   NONE,      ,      ,      , NoSoln, 3704,      ,       ,      ,       
2017-12-06, 08:52:13,  -05:00,       ,             ,             ,    39.8, 29.84,        ,  11.0,   0.00,       ,  -16.00,   3.58,  -0.44,   0.01,   0.00, 284.7,      ,  24.9,  24.3,  -6.6,  40.07,  37.13,     0.00,  172.58,   -1.00,  29.87,    0.0,    0.00,  226.90,  217.82,  222.81,  215.95,  211.10,  191.10,  294.94,  322.46,  250.05,  256.56,  230.61,  218.68, 1427.48,  414.73,        ,   0,  GPS,  230.4, 109.30, 109.30, 120.700, 121.900,       ,       ,       ,      ,       ,       ,  -14.3,      0,  NONE,   NONE,      ,      ,      , NoSoln, 3704,      ,       ,      ,       
2017-12-06, 08:52:14,  -05:00,       ,             ,             ,    38.8, 29.84,        ,  11.0,   0.00,       ,  -16.00,   3.58,  -0.43,   0.01,  -0.00, 284.7,      ,  24.9,  24.3,  -6.6,  40.07,  37.13,     0.00,  172.58,   -0.99,  29.87,    0.0,    0.00,  226.87,  217.80,  222.78,  215.92,  211.07,  191.10,  294.75,  322.56,  249.91,  256.41,  230.45,  218.54, 1428.65,  414.92,        ,   0,  GPS,  230.4, 109.30, 109.30, 120.700, 121.900,       ,       ,       ,      ,       ,       ,  -14.3,      0,  NONE,   NONE,      ,      ,      , NoSoln, 3704,      ,       ,      ,       
2017-12-06, 08:52:15,  -05:00,       ,             ,             ,    38.8, 29.84,        ,  11.0,   0.00,       ,  -16.00,   3.58,  -0.44,   0.01,   0.00, 284.7,      ,  24.9,  24.3,  -6.6,  40.07,  37.13,     0.00,  172.57,   -0.99,  29.87,    0.0,    0.00,  226.85,  217.79,  222.75,  215.92,  211.06,  191.07,  295.18,  323.07,  249.65,  256.24,  230.27,  218.42, 1429.47,  415.23,        ,   0,  GPS,  230.4, 109.30, 109.30, 120.700, 121.900,       ,       ,       ,      ,       ,       ,  -14.3,      0,  NONE,   NONE,      ,      ,      , NoSoln, 3704,      ,       ,      ,       
2017-12-06, 08:52:16,  -05:00,       ,             ,             ,    38.8, 29.84,        ,  11.0,   0.00,       ,  -16.00,   3.59,  -0.43,   0.01,  -0.00, 284.7,      ,  24.9,  24.3,  -6.6,  40.07,  37.13,     0.00,  172.57,   -0.99,  29.87,    0.0,    0.00,  226.81,  217.75,  222.72,  215.89,  211.04,  191.04,  295.20,  323.13,  249.45,  256.05,  230.12,  218.28, 1429.84,  414.94,        ,   0,  GPS,  230.4, 109.30, 109.30, 120.700, 121.900,       ,       ,       ,      ,       ,       ,  -14.3,      0,  NONE,   NONE,      ,      ,      , NoSoln, 3704,      ,       ,      ,       
2017-12-06, 08:52:17,  -05:00,       ,             ,             ,    38.8, 29.84,        ,  11.0,   0.00,       ,  -16.00,   3.59,  -0.42,   0.01,  -0.00, 284.7,      ,  24.9,  24.3,  -6.6,  40.07,  37.12,     0.00,  172.56,   -0.99,  29.87,    0.0,    0.00,  226.78,  217.73,  222.71,  215.86,  211.01,  191.04,  295.06,  323.34,  249.18,  255.79,  229.94,  218.10, 1429.77,  415.25,        ,   0,  GPS,  230.4, 109.30, 109.30, 120.700, 121.900,       ,       ,       ,      ,       ,       ,  -14.3,      0,  NONE,   NONE,      ,      ,      , NoSoln, 3704,      ,       ,      ,       
2017-12-06, 08:52:18,  -05:00,       ,             ,             ,    38.8, 29.84,        ,  11.0,   0.00,       ,   -6.95,   3.59,  -0.43,   0.01,  -0.00, 284.7,      ,  24.9,  24.3,  -6.6,  40.07,  37.13,     0.00,  172.57,   -1.00,  29.87,    0.0,    0.00,  226.78,  217.71,  222.66,  215.83,  210.98,  191.01,  294.96,  323.13,  248.95,  255.60,  229.78,  217.92, 1429.44,  415.94,        ,   0,  GPS,  230.4, 109.30, 109.30, 120.700, 121.900,       ,       ,       ,      ,       ,       ,  -14.3,      0,  NONE,   NONE,      ,      ,      , NoSoln, 3704,      ,       ,      ,       
2017-12-06, 08:52:19,  -05:00,       ,             ,             ,    38.8, 29.84,        ,  11.0,   0.00,       ,   -5.70,   3.59,  -0.42,   0.01,  -0.00, 284.7,      ,  24.9,  24.3,  -6.6,  40.07,  37.13,     0.00,  172.57,   -0.99,  29.87,    0.0,    0.00,  226.72,  217.66,  222.65,  215.83,  210.93,  191.01,  295.37,  323.29,  248.76,  255.42,  229.60,  217.77, 1428.88,  416.39,        ,   0,  GPS,  230.4, 109.30, 109.30, 120.700, 121.900,       ,       ,       ,      ,       ,       ,  -14.3,      0,  NONE,   NONE,      ,      ,      , NoSoln, 3704,      ,       ,      ,       
2017-12-06, 08:52:20,  -05:00,       ,             ,             ,    38.8, 29.84,        ,  11.0,   0.00,       ,   -5.08,   3.59,  -0.43,   0.01,  -0.00, 284.7,      ,  24.9,  24.3,  -6.5,  40.07,  37.13,     0.00,  172.57,   -0.99,  29.87,    0.0,    0.00,  226.69,  217.65,  222.62,  215.80,  210.92,  190.98,  295.09,  323.18,  248.60,  255.24,  229.39,  217.62, 1427.91,  416.37,        ,   0,  GPS,  230.4, 109.30, 109.30, 120.700, 121.900,       ,       ,       ,      ,       ,       ,  -14.3,      0,  NONE,   NONE,      ,      ,      , NoSoln, 3704,      ,       ,      ,       
2017-12-06, 08:52:21,  -05:00,       ,             ,             ,    38.8, 29.84,        ,  11.0,   0.00,       ,  -14.83,   3.60,  -0.43,   0.01,   0.00, 284.7,      ,  24.9,  24.3,  -6.5,  40.07,  37.13,     0.00,  172.57,   -0.99,  29.87,    0.0,    0.00,  226.69,  217.62,  222.60,  215.80,  210.89,  190.98,  294.93,  323.09,  248.60,  255.05,  229.27,  217.52, 1426.70,  416.25,        ,   0,  GPS,  230.4, 109.30, 109.30, 120.700, 121.900,       ,       ,       ,      ,       ,       ,  -14.3,      0,  NONE,   NONE,      ,      ,      , NoSoln, 3704,      ,       ,      ,       
2017-12-06, 08:52:22,  -05:00,       ,             ,             ,    38.8, 29.84,        ,  11.0,   0.00,       ,  -15.96,   3.60,  -0.43,   0.01,  -0.00, 284.7,      ,  24.9,  24.3,  -6.5,  40.07,  37.13,     0.00,  172.56,   -0.99,  29.87,    0.0,    0.00,  226.66,  217.60,  222.57,  215.75,  210.88,  190.93,  295.21,  323.22,  248.43,  254.87,  229.09,  217.40, 1425.26,  416.39,        ,   0,  GPS,  230.4, 109.30, 109.30, 120.700, 121.900,       ,       ,       ,      ,       ,       ,  -14.3,      0,  NONE,   NONE,      ,      ,      , NoSoln, 3704,      ,       ,      ,       
2017-12-06, 08:52:23,  -05:00,       ,             ,             ,    38.8, 29.84,        ,  11.0,   0.00,       ,  -16.00,   3.60,  -0.43,   0.01,  -0.00, 284.7,      ,  24.9,  24.3,  -6.5,  40.07,  37.13,     0.00,  172.56,   -0.99,  29.87,    0.0,    0.00,  226.63,  217.59,  222.57,  215.74,  210.83,  190.92,  295.20,  322.98,  248.28,  254.67,  228.92,  217.19, 1423.61,  416.32,        ,   0,  GPS,  230.4, 109.30, 109.30, 120.700, 121.900,       ,       ,       ,      ,       ,       ,  -14.3,      0,  NONE,   NONE,      ,      ,      , NoSoln, 3704,      ,       ,      ,       
2017-12-06, 08:52:24,  -05:00,       ,             ,             ,    38.8, 29.84,        ,  11.0,   0.00,       ,  -11.20,   3.60,  -0.44,   0.01,  -0.00, 284.7,      ,  24.9,  24.3,  -6.5,  40.07,  37.13,     0.00,  172.55,   -0.99,  29.87,    0.0,    0.00,  226.62,  217.56,  222.52,  215.73,  210.81,  190.90,  294.69,  322.33,  248.06,  254.49,  228.70,  217.01, 1421.69,  415.45,        ,   0,  GPS,  230.4, 109.30, 109.30, 120.700, 121.900,       ,       ,       ,      ,       ,       ,  -14.3,      0,  NONE,   NONE,      ,      ,      , NoSoln, 3704,      ,       ,      ,       
2017-12-06, 08:52:25,  -05:00,       ,             ,             ,    38.8, 29.84,        ,  11.0,   0.00,       ,   -0.59,   3.60,  -0.44,   0.01,  -0.00, 284.7,      ,  24.9,  24.3,  -6.5,  40.07,  37.13,     0.00,  172.55,   -0.99,  29.87,    0.0,    0.00,  226.57,  217.56,  222.51,  215.71,  210.78,  190.89,  294.47,  322.06,  247.91,  254.33,  228.55,  216.89, 1419.62,  414.90,        ,   0,  GPS,  230.4, 109.30, 109.30, 120.700, 121.900,       ,       ,       ,      ,       ,       ,  -14.3,      0,  NONE,   NONE,      ,      ,      , NoSoln, 3704,      ,       ,      ,       
2017-12-06, 08:52:26,  -05:00,       ,             ,             ,    38.8, 29.84,        ,  11.0,   0.00,       ,  -14.16,   3.60,  -0.44,   0.01,   0.00, 284.7,      ,  24.9,  24.3,  -6.5,  40.07,  37.13,     0.00,  172.55,   -1.00,  29.87,    0.0,    0.00,  226.57,  217.53,  222.50,  215.68,  210.76,  190.86,  293.94,  322.19,  247.87,  254.24,  228.43,  216.74, 1417.49,  414.88,        ,   0,  GPS,  230.4, 109.30, 109.30, 120.700, 121.900,       ,       ,       ,      ,       ,       ,  -14.3,      0,  NONE,   NONE,      ,      ,      , NoSoln, 3704,      ,       ,      ,       
2017-12-06, 08:52:27,  -05:00,       ,             ,             ,    38.8, 29.84,        ,  11.0,   0.00,       ,  -15.94,   3.60,  -0.45,   0.01,   0.00, 284.7,      ,  24.9,  24.3,  -6.5,  40.08,  37.13,     0.00,  172.56,   -1.00,  29.87,    0.0,    0.00,  226.54,  217.50,  222.45,  215.65,  210.74,  190.85,  293.80,  321.81,  247.72,  254.13,  228.26,  216.53, 1415.19,  414.62,        ,   0,  GPS,  230.4, 109.30, 109.30, 120.700, 121.900,       ,       ,       ,      ,       ,       ,  -14.3,      0,  NONE,   NONE,      ,      ,      , NoSoln, 3704,      ,       ,      ,       
2017-12-06, 08:52:28,  -05:00,       ,             ,             ,    38.8, 29.84,        ,  11.0,   0.00,       ,  -16.00,   3.60,  -0.44,   0.01,   0.00, 284.7,      ,  24.9,  24.3,  -6.5,  40.07,  37.13,     0.00,  172.55,   -1.01,  29.87,    0.0,    0.00,  226.52,  217.47,  222.42,  215.65,  210.71,  190.83,  293.28,  321.07,  247.62,  253.90,  228.13,  216.38, 1412.78,  413.66,        ,   0,  GPS,  230.4, 109.30, 109.30, 120.700, 121.900,       ,       ,       ,      ,       ,       ,  -14.3,      0,  NONE,   NONE,      ,      ,      , NoSoln, 3704,      ,       ,      ,       
2017-12-06, 08:52:29,  -05:00,       ,             ,             ,    38.8, 29.84,        ,  11.0,   0.00,       ,  -12.38,   3.61,  -0.44,   0.01,   0.00, 284.7,      ,  24.9,  24.3,  -6.5,  40.07,  37.13,     0.00,  172.57,   -1.01,  29.87,    0.0,    0.00,  226.48,  217.45,  222.39,  215.60,  210.68,  190.83,  292.91,  320.66,  247.46,  253.67,  227.96,  216.23, 1410.18,  413.67,        ,   0,  GPS,  230.4, 109.30, 109.30, 120.700, 121.900,       ,       ,       ,      ,       ,       ,  -14.3,      0,  NONE,   NONE,      ,      ,      , NoSoln, 3704,      ,       ,      ,       
2017-12-06, 08:52:30,  -05:00,       ,             ,             ,    38.8, 29.84,        ,  11.0,   0.00,       ,   -0.70,   3.60,  -0.44,   0.01,  -0.00, 284.7,      ,  24.9,  24.3,  -6.5,  40.07,  37.13,     0.00,  172.55,   -1.01,  29.87,    0.0,    0.00,  226.45,  217.42,  222.37,  215.59,  210.65,  190.80,  292.69,  320.40,  247.32,  253.39,  227.82,  216.13, 1407.38,  413.80,        ,   0,  GPS,  230.4, 109.30, 109.30, 120.700, 121.900,       ,       ,       ,      ,       ,       ,  -14.3,      0,  NONE,   NONE,      ,      ,      , NoSoln, 3704,      ,       ,      ,       
2017-12-06, 08:52:31,  -05:00,       ,             ,             ,    38.8, 29.84,        ,  11.0,   0.00,       ,   -0.02,   3.59,  -0.43,   0.01,   0.00, 284.7,      ,  24.9,  24.3,  -6.5,  40.07,  37.13,     0.00,  172.56,   -1.01,  29.87,    0.0,    0.00,  226.45,  217.41,  222.36,  215.57,  210.62,  190.78,  292.26,  320.25,  247.14,  253.10,  227.62,  215.91, 1404.37,  414.19,        ,   0,  GPS,  230.4, 109.30, 109.30, 120.700, 121.900,       ,       ,       ,      ,       ,       ,  -14.3,      0,  NONE,   NONE,      ,      ,      , NoSoln, 3704,      ,       ,      ,       
2017-12-06, 08:52:32,  -05:00,       ,             ,             ,    38.8, 29.84,        ,  11.0,   0.00,       ,   -2.49,   3.58,  -0.44,   0.01,  -0.00, 284.7,      ,  24.9,  24.3,  -6.5,  40.07,  37.13,     0.00,  172.56,   -1.01,  29.87,    0.0,    0.00,  226.39,  217.38,  222.33,  215.56,  210.60,  190.77,  292.25,  319.89,  247.00,  252.87,  227.45,  215.76, 1401.30,  414.41,        ,   0,  GPS,  230.4, 109.30, 109.30, 120.700, 121.900,       ,       ,       ,      ,       ,       ,  -14.3,      0,  NONE,   NONE,      ,      ,      , NoSoln, 3704,      ,       ,      ,       
2017-12-06, 08:52:33,  -05:00,       ,             ,             ,    38.8, 29.84,        ,  11.0,   0.00,       ,   -0.48,   3.59,  -0.45,   0.01,  -0.00, 284.7,      ,  24.9,  24.3,  -6.5,  40.07,  37.14,     0.00,  172.55,   -1.01,  29.86,    0.0,    0.00,  226.37,  217.36,  222.30,  215.51,  210.56,  190.74,  291.83,  319.66,  246.78,  252.72,  227.31,  215.62, 1398.07,  413.82,        ,   0,  GPS,  230.4, 109.30, 109.30, 120.700, 121.900,       ,       ,       ,      ,       ,       ,  -14.3,      0,  NONE,   NONE,      ,      ,      , NoSoln, 3704,      ,       ,      ,       
2017-12-06, 08:52:34,  -05:00,       ,             ,             ,    38.8, 29.84,        ,  11.0,   0.00,       ,  -11.95,   3.58,  -0.44,   0.01,  -0.00, 284.7,      ,  24.9,  24.3,  -6.5,  40.08,  37.14,     0.00,  172.53,   -1.00,  29.86,    0.0,    0.00,  226.36,  217.33,  222.27,  215.51,  210.54,  190.72,  291.39,  319.40,  246.63,  252.64,  227.16,  215.47, 1394.80,  413.66,        ,   0,  GPS,  230.4, 109.30, 109.30, 120.700, 121.900,       ,       ,       ,      ,       ,       ,  -14.3,      0,  NONE,   NONE,      ,      ,      , NoSoln, 3704,      ,       ,      ,       
2017-12-06, 08:52:35,  -05:00,       ,             ,             ,    38.8, 29.84,        ,  11.0,   0.00,       ,   -2.43,   3.58,  -0.43,   0.01,   0.00, 284.7,      ,  24.9,  24.3,  -6.5,  40.08,  37.14,     0.00,  172.54,   -1.00,  29.86,    0.0,    0.00,  226.33,  217.32,  222.25,  215.50,  210.53,  190.70,  291.25,  319.16,  246.47,  252.46,  227.04,  215.39, 1391.43,  413.57,        ,   0,  GPS,  230.4, 109.30, 109.30, 120.700, 121.900,       ,       ,       ,      ,       ,       ,  -14.3,      0,  NONE,   NONE,      ,      ,      , NoSoln, 3704,      ,       ,      ,       
2017-12-06, 08:52:36,  -05:00,       ,             ,             ,    38.8, 29.84,        ,  11.0,   0.00,       ,   -0.11,   3.57,  -0.44,   0.01,  -0.00, 284.7,      ,  24.9,  24.3,  -6.5,  40.07,  37.14,     0.00,  172.54,   -1.00,  29.86,    0.0,    0.00,  226.30,  217.29,  222.22,  215.45,  210.48,  190.68,  290.69,  319.57,  246.33,  252.35,  226.92,  215.27, 1388.00,  413.45,        ,   0,  GPS,  230.4, 109.30, 109.30, 120.700, 121.900,       ,       ,       ,      ,       ,       ,  -14.3,      0,  NONE,   NONE,      ,      ,      , NoSoln, 3704,      ,       ,      ,       
2017-12-06, 08:52:37,  -05:00,       ,             ,             ,    38.8, 29.84,        ,  11.0,   0.00,       ,  -13.47,   3.57,  -0.44,   0.01,  -0.00, 284.7,      ,  24.9,  24.3,  -6.5,  40.07,  37.14,     0.00,  172.54,   -1.01,  29.86,    0.0,    0.00,  226.27,  217.27,  222.21,  215.45,  210.47,  190.66,  290.19,  319.16,  246.15,  252.16,  226.75,  215.10, 1384.32,  413.27,        ,   0,  GPS,  230.4, 109.30, 109.30, 120.700, 121.900,       ,       ,       ,      ,       ,       ,  -14.3,      0,  NONE,   NONE,      ,      ,      , NoSoln, 3704,      ,       ,      ,       
2017-12-06, 08:52:38,  -05:00,       ,             ,             ,    38.8, 29.84,        ,  11.0,   0.00,       ,  -15.91,   3.58,  -0.44,   0.01,  -0.00, 284.7,      ,  24.9,  24.3,  -6.5,  40.08,  37.14,     0.00,  172.54,   -1.01,  29.86,    0.0,    0.00,  226.25,  217.23,  222.18,  215.42,  210.44,  190.65,  289.88,  318.53,  245.99,  251.95,  226.57,  214.94, 1380.59,  412.14,        ,   0,  GPS,  230.4, 109.30, 109.30, 120.700, 121.900,       ,       ,       ,      ,       ,       ,  -14.3,      0,  NONE,   NONE,      ,      ,      , NoSoln, 3704,      ,       ,      ,       
2017-12-06, 08:52:39,  -05:00,       ,             ,             ,    38.8, 29.84,        ,  11.0,   0.00,       ,  -16.00,   3.59,  -0.44,   0.01,   0.00, 284.7,      ,  24.9,  24.3,  -6.5,  40.08,  37.14,     0.00,  172.54,   -1.00,  29.86,    0.0,    0.00,  226.23,  217.21,  222.16,  215.42,  210.41,  190.62,  289.69,  318.18,  245.84,  251.65,  226.45,  214.77, 1376.88,  411.37,        ,   0,  GPS,  230.4, 109.30, 109.30, 120.700, 121.900,       ,       ,       ,      ,       ,       ,  -14.3,      0,  NONE,   NONE,      ,      ,      , NoSoln, 3704,      ,       ,      ,       
2017-12-06, 08:52:40,  -05:00,       ,             ,             ,    38.8, 29.84,        ,  11.0,   0.00,       ,  -16.00,   3.59,  -0.44,   0.01,  -0.00, 284.7,      ,  24.9,  24.3,  -6.5,  40.07,  37.14,     0.00,  172.54,   -1.01,  29.86,    0.0,    0.00,  226.18,  217.21,  222.12,  215.36,  210.41,  190.60,  289.44,  318.04,  245.70,  251.45,  226.34,  214.66, 1373.14,  410.53,        ,   0,  GPS,  230.4, 109.30, 109.30, 120.700, 121.900,       ,       ,       ,      ,       ,       ,  -14.3,      0,  NONE,   NONE,      ,      ,      , NoSoln, 3704,      ,       ,      ,       
2017-12-06, 08:52:41,  -05:00,       ,             ,             ,    37.8, 29.84,        ,  11.0,   0.00,       ,  -16.00,   3.59,  -0.43,   0.01,   0.00, 284.7,      ,  24.9,  24.3,  -6.5,  40.07,  37.14,     0.00,  172.54,   -1.01,  29.86,    0.0,    0.00,  226.18,  217.17,  222.09,  215.34,  210.36,  190.59,  289.10,  317.67,  245.56,  251.21,  226.16,  214.45, 1369.20,  409.79,        ,   0,  GPS,  230.4, 109.30, 109.30, 120.700, 121.900,       ,       ,       ,      ,       ,       ,  -14.3,      0,  NONE,   NONE,      ,      ,      , NoSoln, 3704,      ,       ,      ,       
2017-12-06, 08:52:42,  -05:00,       ,             ,             ,    37.8, 29.84,        ,  11.0,   0.00,       ,  -16.00,   3.59,  -0.42,   0.01,   0.00, 284.7,      ,  24.9,  24.3,  -6.5,  40.07,  37.14,     0.00,  172.54,   -1.01,  29.86,    0.0,    0.00,  226.15,  217.15,  222.06,  215.33,  210.32,  190.59,  289.03,  317.23,  245.36,  251.10,  226.02,  214.34, 1365.28,  409.35,        ,   0,  GPS,  230.4, 109.30, 109.30, 120.700, 121.900,       ,       ,       ,      ,       ,       ,  -14.3,      0,  NONE,   NONE,      ,      ,      , NoSoln, 3704,      ,       ,      ,       
2017-12-06, 08:52:43,  -05:00,       ,             ,             ,    37.8, 29.84,        ,  11.0,   0.00,       ,  -16.00,   3.60,  -0.42,   0.01,  -0.00, 284.7,      ,  24.9,  24.3,  -6.5,  40.07,  37.14,     0.00,  172.53,   -1.01,  29.86,    0.0,    0.00,  226.12,  217.12,  222.04,  215.33,  210.32,  190.56,  288.68,  316.55,  245.28,  250.97,  225.91,  214.23, 1361.35,  408.86,        ,   0,  GPS,  230.4, 109.30, 109.30, 120.700, 121.900,       ,       ,       ,      ,       ,       ,  -14.3,      0,  NONE,   NONE,      ,      ,      , NoSoln, 3704,      ,       ,      ,       
2017-12-06, 08:52:44,  -05:00,       ,             ,             ,    37.8, 29.84,        ,  11.0,   0.00,       ,  -16.00,   3.59,  -0.42,   0.01,  -0.00, 284.7,      ,  24.9,  24.3,  -6.5,  40.07,  37.14,     0.00,  172.54,   -1.01,  29.86,    0.0,    0.00,  226.09,  217.09,  222.03,  215.30,  210.29,  190.54,  288.72,  316.00,  245.00,  250.76,  225.73,  214.07, 1357.28,  407.40,        ,   0,  GPS,  230.4, 109.30, 109.30, 120.700, 121.900,       ,       ,       ,      ,       ,       ,  -14.3,      0,  NONE,   NONE,      ,      ,      , NoSoln, 3704,      ,       ,      ,       
2017-12-06, 08:52:45,  -05:00,       ,             ,             ,    37.8, 29.84,        ,  11.0,   0.00,       ,  -16.00,   3.59,  -0.42,   0.01,  -0.00, 284.7,      ,  24.9,  24.3,  -6.5,  40.07,  37.14,     0.00,  172.54,   -1.01,  29.86,    0.0,    0.00,  226.06,  217.08,  222.01,  215.27,  210.27,  190.51,  288.21,  315.61,  244.79,  250.50,  225.61,  213.97, 1353.22,  406.64,        ,   0,  GPS,  230.4, 109.30, 109.30, 120.700, 121.900,       ,       ,       ,      ,       ,       ,  -14.3,      0,  NONE,   NONE,      ,      ,      , NoSoln, 3704,      ,       ,      ,       
2017-12-06, 08:52:46,  -05:00,       ,             ,             ,    37.8, 29.84,        ,  11.0,   0.00,       ,  -16.00,   3.59,  -0.41,   0.01,   0.00, 284.7,      ,  24.9,  24.3,  -6.5,  40.07,  37.14,     0.00,  172.54,   -1.01,  29.86,    0.0,    0.00,  226.04,  217.08,  221.97,  215.27,  210.24,  190.52,  287.50,  315.18,  244.62,  250.27,  225.46,  213.80, 1349.12,  406.41,        ,   0,  GPS,  230.4, 109.30, 109.30, 120.700, 121.900,       ,       ,       ,      ,       ,       ,  -14.3,      0,  NONE,   NONE,      ,      ,      , NoSoln, 3704,      ,       ,      ,       
2017-12-06, 08:52:47,  -05:00,       ,             ,             ,    37.8, 29.84,        ,  11.0,   0.00,       ,  -16.00,   3.58,  -0.41,   0.01,   0.00, 284.7,      ,  24.9,  24.3,  -6.5,  40.07,  37.14,     0.00,  172.54,   -1.01,  29.86,    0.0,    0.00,  226.01,  217.05,  221.97,  215.24,  210.21,  190.48,  287.12,  314.92,  244.40,  250.17,  225.28,  213.61, 1345.08,  405.96,        ,   0,  GPS,  230.4, 109.30, 109.30, 120.700, 121.900,       ,       ,       ,      ,       ,       ,  -14.3,      0,  NONE,   NONE,      ,      ,      , NoSoln, 3704,      ,       ,      ,       
2017-12-06, 08:52:48,  -05:00,       ,             ,             ,    37.8, 29.84,        ,  11.0,   0.00,       ,  -16.00,   3.58,  -0.42,   0.01,  -0.00, 284.7,      ,  24.9,  24.3,  -6.5,  40.07,  37.14,     0.00,  172.52,   -1.01,  29.86,    0.0,    0.00,  226.00,  217.05,  221.92,  215.21,  210.20,  190.47,  286.93,  314.68,  244.29,  250.09,  225.10,  213.49, 1340.95,  405.31,        ,   0,  GPS,  230.4, 109.30, 109.30, 120.700, 121.900,       ,       ,       ,      ,       ,       ,  -14.3,      0,  NONE,   NONE,      ,      ,      , NoSoln, 3704,      ,       ,      ,       
2017-12-06, 08:52:49,  -05:00,       ,             ,             ,    37.8, 29.84,        ,  11.0,   0.00,       ,  -16.00,   3.58,  -0.42,   0.01,  -0.00, 284.7,      ,  24.9,  24.3,  -6.5,  40.07,  37.14,     0.00,  172.53,   -1.01,  29.85,    0.0,    0.00,  225.97,  217.00,  221.89,  215.18,  210.18,  190.44,  286.53,  314.45,  244.08,  249.83,  224.92,  213.31, 1336.65,  404.98,        ,   0,  GPS,  230.4, 109.30, 109.30, 120.700, 121.900,       ,       ,       ,      ,       ,       ,  -14.3,      0,  NONE,   NONE,      ,      ,      , NoSoln, 3704,      ,       ,      ,       
2017-12-06, 08:52:50,  -05:00,       ,             ,             ,    37.8, 29.84,        ,  11.0,   0.00,       ,  -16.00,   3.58,  -0.42,   0.01,   0.00, 284.7,      ,  24.9,  24.3,  -6.5,  40.07,  37.14,     0.00,  172.54,   -1.01,  29.86,    0.0,    0.00,  225.94,  216.99,  221.86,  215.18,  210.14,  190.42,  286.55,  314.20,  243.93,  249.72,  224.80,  213.20, 1332.38,  404.00,        ,   0,  GPS,  230.4, 109.30, 109.30, 120.700, 121.900,       ,       ,       ,      ,       ,       ,  -14.3,      0,  NONE,   NONE,      ,      ,      , NoSoln, 3704,      ,       ,      ,       
2017-12-06, 08:52:51,  -05:00,       ,             ,             ,    37.8, 29.84,        ,  11.0,   0.00,       ,   -7.91,   3.57,  -0.43,   0.01,   0.00, 284.7,      ,  24.9,  24.3,  -6.5,  40.07,  37.14,     0.00,  172.54,   -1.02,  29.86,    0.0,    0.00,  225.91,  216.94,  221.85,  215.13,  210.11,  190.41,  286.45,  314.06,  243.81,  249.51,  224.63,  213.05, 1328.03,  403.24,        ,   0,  GPS,  230.4, 109.30, 109.30, 120.700, 121.900,       ,       ,       ,      ,       ,       ,  -14.3,      0,  NONE,   NONE,      ,      ,      , NoSoln, 3704,      ,       ,      ,       
2017-12-06, 08:52:52,  -05:00,       ,             ,             ,    37.8, 29.84,        ,  11.0,   0.00,       ,   -0.36,   3.57,  -0.43,   0.01,  -0.00, 284.7,      ,  24.9,  24.3,  -6.5,  40.07,  37.14,     0.00,  172.54,   -1.02,  29.86,    0.0,    0.00,  225.91,  216.94,  221.83,  215.14,  210.08,  190.41,  286.27,  313.71,  243.49,  249.39,  224.51,  212.91, 1323.68,  403.05,        ,   0,  GPS,  230.4, 109.30, 109.30, 120.700, 121.900,       ,       ,       ,      ,       ,       ,  -14.3,      0,  NONE,   NONE,      ,      ,      , NoSoln, 3704,      ,       ,      ,       
2017-12-06, 08:52:53,  -05:00,       ,             ,             ,    37.8, 29.84,        ,  11.0,   0.00,       ,   -4.59,   3.58,  -0.43,   0.01,  -0.00, 284.7,      ,  24.9,  24.3,  -6.5,  40.07,  37.14,     0.00,  172.53,   -1.03,  29.86,    0.0,    0.00,  225.85,  216.93,  221.80,  215.09,  210.05,  190.38,  286.31,  313.40,  243.13,  249.24,  224.40,  212.76, 1319.27,  402.91,        ,   0,  GPS,  230.4, 109.30, 109.30, 120.700, 121.900,       ,       ,       ,      ,       ,       ,  -14.3,      0,  NONE,   NONE,      ,      ,      , NoSoln, 3704,      ,       ,      ,       
2017-12-06, 08:52:54,  -05:00,       ,             ,             ,    37.8, 29.84,        ,  11.0,   0.00,       ,  -14.23,   3.58,  -0.42,   0.01,  -0.00, 284.7,      ,  24.9,  24.3,  -6.5,  40.07,  37.14,     0.00,  172.53,   -1.02,  29.86,    0.0,    0.00,  225.85,  216.88,  221.79,  215.08,  210.03,  190.36,  286.38,  312.95,  242.89,  249.03,  224.22,  212.59, 1314.96,  403.09,        ,   0,  GPS,  230.4, 109.30, 109.30, 120.700, 121.900,       ,       ,       ,      ,       ,       ,  -14.3,      0,  NONE,   NONE,      ,      ,      , NoSoln, 3704,      ,       ,      ,       
2017-12-06, 08:52:55,  -05:00,       ,             ,             ,    37.8, 29.84,        ,  11.0,   0.00,       ,  -15.94,   3.57,  -0.43,   0.01,  -0.00, 284.7,      ,  24.9,  24.3,  -6.5,  40.07,  37.14,     0.00,  172.52,   -1.02,  29.86,    0.0,    0.00,  225.80,  216.88,  221.76,  215.06,  210.00,  190.35,  285.87,  312.72,  242.65,  248.84,  224.05,  212.43, 1310.57,  402.99,        ,   0,  GPS,  230.4, 109.30, 109.30, 120.700, 121.900,       ,       ,       ,      ,       ,       ,  -14.3,      0,  NONE,   NONE,      ,      ,      , NoSoln, 3704,      ,       ,      ,       
2017-12-06, 08:52:56,  -05:00,       ,             ,             ,    37.8, 29.84,        ,  11.0,   0.00,       ,  -11.66,   3.58,  -0.42,   0.01,   0.00, 284.7,      ,  24.9,  24.3,  -6.5,  40.07,  37.14,     0.00,  172.54,   -1.02,  29.86,    0.0,    0.00,  225.79,  216.85,  221.73,  215.05,  209.99,  190.33,  285.56,  312.66,  242.39,  248.65,  223.92,  212.29, 1306.22,  402.88,        ,   0,  GPS,  230.4, 109.30, 109.30, 120.700, 121.900,       ,       ,       ,      ,       ,       ,  -14.3,      0,  NONE,   NONE,      ,      ,      , NoSoln, 3704,      ,       ,      ,       
2017-12-06, 08:52:57,  -05:00,       ,             ,             ,    37.8, 29.84,        ,  11.0,   0.00,       ,  -15.76,   3.57,  -0.43,   0.00,  -0.00, 284.7,      ,  24.9,  24.3,  -6.5,  40.07,  37.14,     0.00,  172.52,   -1.03,  29.86,    0.0,    0.00,  225.76,  216.82,  221.69,  215.03,  209.94,  190.32,  285.61,  312.64,  242.16,  248.47,  223.81,  212.15, 1301.90,  402.70,        ,   0,  GPS,  230.4, 109.30, 109.30, 120.700, 121.900,       ,       ,       ,      ,       ,       ,  -14.3,      0,  NONE,   NONE,      ,      ,      , NoSoln, 3704,      ,       ,      ,       
2017-12-06, 08:52:58,  -05:00,       ,             ,             ,    36.8, 29.84,        ,  11.0,   0.00,       ,  -15.99,   3.58,  -0.43,   0.01,   0.00, 284.7,      ,  24.9,  24.3,  -6.5,  40.07,  37.14,     0.00,  172.53,   -1.03,  29.86,    0.0,    0.00,  225.76,  216.82,  221.68,  215.00,  209.94,  190.30,  285.87,  312.32,  241.93,  248.31,  223.67,  211.99, 1297.54,  402.52,        ,   0,  GPS,  230.4, 109.30, 109.30, 120.700, 121.900,       ,       ,       ,      ,       ,       ,  -14.3,      0,  NONE,   NONE,      ,      ,      , NoSoln, 3704,      ,       ,      ,       
2017-12-06, 08:52:59,  -05:00,       ,             ,             ,    36.8, 29.84,        ,  11.0,   0.00,       ,  -16.00,   3.57,  -0.43,   0.00,   0.00, 284.7,      ,  24.9,  24.3,  -6.5,  40.07,  37.14,     0.00,  172.52,   -1.03,  29.86,    0.0,    0.00,  225.73,  216.77,  221.67,  214.98,  209.91,  190.27,  285.95,  311.84,  241.74,  248.10,  223.49,  211.81, 1293.28,  402.86,        ,   0,  GPS,  230.4, 109.30, 109.30, 120.700, 121.900,       ,       ,       ,      ,       ,       ,  -14.3,      0,  NONE,   NONE,      ,      ,      , NoSoln, 3704,      ,       ,      ,       
2017-12-06, 08:53:00,  -05:00,       ,             ,             ,    36.8, 29.84,        ,  11.0,   0.00,       ,  -16.00,   3.57,  -0.42,   0.01,   0.00, 284.7,      ,  24.9,  24.3,  -6.5,  40.07,  37.14,     0.00,  172.53,   -1.03,  29.86,    0.0,    0.00,  225.68,  216.76,  221.62,  214.95,  209.88,  190.26,  285.65,  311.38,  241.64,  247.88,  223.41,  211.73, 1288.94,  402.75,        ,   0,  GPS,  230.4, 109.30, 109.30, 120.700, 121.900,       ,       ,       ,      ,       ,       ,  -14.3,      0,  NONE,   NONE,      ,      ,      , NoSoln, 3704,      ,       ,      ,       
2017-12-06, 08:53:01,  -05:00,       ,   41.7323914,  -71.4248657,    36.8, 29.84,   -23.3,  11.0,   0.00,   1.67,  -16.00,   3.57,  -0.42,   0.01,   0.00, 284.7,  14.3,  24.9,  24.3,  -6.5,  40.07,  37.14,     0.00,  172.52,   -1.02,  29.86,    0.0,    0.00,  225.67,  216.73,  221.59,  214.94,  209.85,  190.24,  285.09,  310.89,  241.53,  247.62,  223.20,  211.55, 1284.58,  402.19,  -122.4,   0,  GPS,  230.4, 109.30, 109.30, 120.700, 121.900,       ,       ,       ,      ,       ,       ,  -14.3,      0,  NONE,   NONE,      ,      ,   0.0,     3D, 3704,      ,       ,      ,       
2017-12-06, 08:53:02,  -05:00,       ,   41.7323761,  -71.4249115,    36.8, 29.84,   -20.3,  11.0,   0.00,   3.32,   -4.60,   3.57,  -0.42,   0.01,  -0.00, 284.7, 285.5,  24.9,  24.3,  -6.5,  40.07,  37.14,     0.00,  172.52,   -1.01,  29.86,    0.0,    0.00,  225.64,  216.73,  221.59,  214.91,  209.82,  190.21,  284.86,  310.62,  241.39,  247.44,  223.12,  211.44, 1280.34,  401.37,  -119.3,   0,  GPS,  230.4, 109.30, 109.30, 120.700, 121.900,       ,       ,       ,      ,       ,       ,  -14.3,      0,  NONE,   NONE,      ,      , -19.7,     3D, 3704,      ,       , 686.0,       
2017-12-06, 08:53:03,  -05:00,       ,   41.7323418,  -71.4249649,    37.8, 29.84,    22.9,  11.0,   0.00,   3.36,   -0.18,   3.56,  -0.42,   0.01,  -0.00, 284.7, 284.2,  24.9,  24.3,  -6.5,  40.07,  37.14,     0.00,  172.49,   -1.01,  29.86,    0.0,    0.00,  225.62,  216.70,  221.56,  214.91,  209.79,  190.18,  285.02,  310.30,  241.20,  247.25,  222.94,  211.24, 1276.03,  400.85,   -76.2,   0,  GPS,  230.4, 109.30, 109.30, 120.700, 121.900,       ,       ,       ,      ,       ,       ,  -14.3,      0,  NONE,   NONE,      ,      ,   3.9,     3D, 3704,      ,       , 206.5,       
2017-12-06, 08:53:04,  -05:00,       ,   41.7323341,  -71.4249802,    36.8, 29.84,    24.9,  11.0,   0.00,   3.36,   -2.49,   3.56,  -0.43,   0.01,  -0.00, 284.7, 284.4,  24.9,  24.3,  -6.5,  40.07,  37.14,     0.00,  172.52,   -1.01,  29.86,    0.0,    0.00,  225.59,  216.69,  221.53,  214.88,  209.76,  190.18,  284.83,  310.22,  241.02,  247.10,  222.79,  211.13, 1271.76,  400.05,   -74.2,   0,  GPS,  230.4, 109.30, 109.30, 120.700, 121.900,       ,       ,       ,      ,       ,       ,  -14.3,      0,  NONE,   NONE,      ,      ,   0.0,     3D, 3704,      ,       , 204.0,       
2017-12-06, 08:53:05,  -05:00,       ,   41.7323341,  -71.4249725,    36.8, 29.84,    24.4,  11.0,   0.00,   0.00,  -15.17,   3.21,  -0.37,   0.01,  -0.00, 285.0, 284.1,  24.9,  24.3,  -6.5,  40.07,  37.13,     0.00,  172.52,   -1.00,  29.86,    0.0,    0.00,  225.58,  216.64,  221.52,  214.87,  209.76,  190.17,  284.38,  309.92,  240.90,  246.95,  222.67,  210.98, 1267.50,  399.53,   -74.6,   0,  GPS,  230.4, 109.30, 109.30, 120.700, 121.900,       ,       ,       ,      ,       ,       ,  -14.3,      0,  NONE,   NONE,      ,      ,   0.0,     3D, 3704,      ,       , 203.0,       
2017-12-06, 08:53:06,  -05:00,       ,   41.7323341,  -71.4249725,    36.8, 29.84,    27.4,  11.0,   0.00,   0.00,  -15.97,   3.21,  -0.37,   0.01,  -0.00, 285.0, 284.1,  24.9,  24.3,  -6.5,  40.07,  37.13,     0.00,  172.52,   -1.01,  29.86,    0.0,    0.00,  225.55,  216.62,  221.48,  214.84,  209.72,  190.13,  283.81,  309.65,  240.79,  246.74,  222.53,  210.84, 1263.20,  399.32,   -71.7,   0,  GPS,  230.4, 109.30, 109.30, 120.700, 121.900,       ,       ,       ,      ,       ,       ,  -14.3,      0,  NONE,   NONE,      ,      ,   3.9,     3D, 3704,      ,       , 202.5,       
2017-12-06, 08:53:07,  -05:00,       ,   41.7323341,  -71.4249725,    36.8, 29.84,    28.8,  11.0,   0.00,   0.00,  -15.39,   3.21,  -0.37,   0.01,  -0.00, 285.0, 284.1,  24.9,  24.3,  -6.5,  40.07,  37.13,     0.00,  172.52,   -1.01,  29.86,    0.0,    0.00,  225.53,  216.61,  221.44,  214.80,  209.70,  190.14,  283.86,  309.70,  240.67,  246.63,  222.43,  210.75, 1258.86,  399.39,   -70.2,   0,  GPS,  230.4, 109.30, 109.30, 120.700, 121.900,       ,       ,       ,      ,       ,       ,  -14.3,      0,  NONE,   NONE,      ,      ,   0.0,     3D, 3704,      ,       , 202.0,       
2017-12-06, 08:53:08,  -05:00,       ,   41.7323341,  -71.4249725,    36.8, 29.84,    29.1,  11.0,   0.00,   0.00,   -2.59,   3.20,  -0.38,   0.01,   0.00, 285.0, 284.1,  24.9,  24.3,  -6.5,  40.07,  37.13,     0.00,  172.51,   -1.02,  29.85,    0.0,    0.00,  225.47,  216.59,  221.44,  214.79,  209.69,  190.11,  283.39,  309.51,  240.57,  246.44,  222.25,  210.56, 1254.46,  399.44,   -69.9,   0,  GPS,  230.4, 109.30, 109.30, 120.700, 121.900,       ,       ,       ,      ,       ,       ,  -14.3,      0,  NONE,   NONE,      ,      ,   0.0,     3D, 3704,      ,       , 202.0,       
2017-12-06, 08:53:09,  -05:00,       ,   41.7323380,  -71.4249725,    36.8, 29.84,    27.4,  11.0,   0.00,   0.00,  -15.06,   3.23,  -0.40,   0.01,   0.00, 285.0, 284.1,  24.9,  24.3,  -6.5,  40.08,  37.13,     0.00,  172.52,   -1.02,  29.85,    0.0,    0.00,  225.47,  216.56,  221.41,  214.76,  209.65,  190.09,  283.37,  309.20,  240.46,  246.26,  222.10,  210.43, 1250.28,  399.49,   -71.6,   0,  GPS,  230.4, 109.30, 109.30, 120.700, 121.900,       ,       ,       ,      ,       ,       ,  -14.3,      0,  NONE,   NONE,      ,      ,   0.0,     3D, 3704,      ,       , 201.5,       
2017-12-06, 08:53:10,  -05:00,       ,   41.7323380,  -71.4249725,    36.8, 29.84,    26.8,  11.0,   0.00,   0.00,  -15.97,   3.27,  -0.38,   0.01,  -0.00, 285.0, 284.1,  24.9,  24.3,  -6.5,  40.07,  37.13,     0.00,  172.52,   -1.02,  29.85,    0.0,    0.00,  225.44,  216.55,  221.38,  214.75,  209.62,  190.09,  283.81,  309.08,  240.38,  246.11,  221.94,  210.35, 1246.10,  399.65,   -72.3,   0,  GPS,  230.4, 109.30, 109.30, 120.700, 121.900,       ,       ,       ,      ,       ,       ,  -14.3,      0,  NONE,   NONE,      ,      ,   0.0,     3D, 3704,      ,       , 201.5,       
2017-12-06, 08:53:11,  -05:00,       ,   41.7323380,  -71.4249725,    36.8, 29.84,    26.6,  11.0,   0.00,   0.00,   -1.58,   3.31,  -0.40,   0.01,   0.00, 285.0, 284.1,  24.9,  24.3,  -6.5,  40.07,  37.13,     0.00,  172.52,   -1.03,  29.85,    0.0,    0.00,  225.41,  216.52,  221.36,  214.70,  209.61,  190.06,  283.90,  308.97,  240.31,  245.96,  221.74,  210.17, 1241.97,  400.24,   -72.5,   0,  GPS,  230.4, 109.30, 109.30, 120.700, 121.900,       ,       ,       ,      ,       ,       ,  -14.3,      0,  NONE,   NONE,      ,      ,   0.0,     3D, 3704,      ,       , 201.5,       
2017-12-06, 08:53:12,  -05:00,       ,   41.7323380,  -71.4249725,    36.8, 29.84,    25.9,  11.0,   0.00,   0.00,   -0.05,   3.33,  -0.41,   0.01,   0.00, 284.9, 284.1,  24.9,  24.3,  -6.6,  40.07,  37.13,     0.00,  172.50,   -1.03,  29.85,    0.0,    0.00,  225.38,  216.49,  221.34,  214.70,  209.56,  190.03,  283.86,  308.80,  240.17,  245.88,  221.61,  210.02, 1237.80,  400.57,   -73.1,   0,  GPS,  230.4, 109.30, 109.30, 120.700, 121.900,       ,       ,       ,      ,       ,       ,  -14.3,      0,  NONE,   NONE,      ,      ,   0.0,     3D, 3704,      ,       , 201.5,       
2017-12-06, 08:53:13,  -05:00,       ,   41.7323418,  -71.4249725,    36.8, 29.84,    24.9,  11.0,   0.00,   0.00,   -0.00,   3.36,  -0.43,   0.01,  -0.00, 284.9, 284.1,  24.9,  24.3,  -6.6,  40.07,  37.13,     0.00,  172.52,   -1.03,  29.85,    0.0,    0.00,  225.35,  216.46,  221.32,  214.67,  209.55,  190.03,  283.93,  308.34,  240.07,  245.71,  221.44,  209.88, 1233.63,  400.93,   -74.2,   0,  GPS,  230.4, 109.30, 109.30, 120.700, 121.900,       ,       ,       ,      ,       ,       ,  -14.3,      0,  NONE,   NONE,      ,      ,   0.0,     3D, 3704,      ,       , 201.5,       
2017-12-06, 08:53:14,  -05:00,       ,   41.7323380,  -71.4249725,    36.8, 29.84,    25.1,  11.0,   0.00,   0.00,   -0.00,   3.38,  -0.43,   0.01,   0.00, 284.9, 284.1,  24.9,  24.3,  -6.6,  40.07,  37.13,     0.00,  172.51,   -1.03,  29.85,    0.0,    0.00,  225.33,  216.46,  221.29,  214.67,  209.52,  190.00,  283.83,  307.96,  239.87,  245.49,  221.32,  209.73, 1229.38,  400.91,   -73.9,   0,  GPS,  230.4, 109.30, 109.30, 120.700, 121.900,       ,       ,       ,      ,       ,       ,  -14.3,      0,  NONE,   NONE,      ,      ,   0.0,     3D, 3704,      ,       , 201.5,       
2017-12-06, 08:53:15,  -05:00,       ,   41.7323380,  -71.4249725,    36.8, 29.84,    25.2,  11.0,   0.00,   0.00,   -0.42,   3.41,  -0.44,   0.01,  -0.00, 284.9, 284.1,  24.9,  24.3,  -6.6,  40.08,  37.13,     0.00,  172.51,   -1.02,  29.85,    0.0,    0.00,  225.32,  216.45,  221.26,  214.66,  209.50,  189.98,  283.67,  307.71,  239.75,  245.29,  221.18,  209.56, 1225.23,  401.32,   -73.9,   0,  GPS,  230.4, 109.30, 109.30, 120.700, 121.900,       ,       ,       ,      ,       ,       ,  -14.3,      0,  NONE,   NONE,      ,      ,   0.0,     3D, 3704,      ,       , 201.5,       
2017-12-06, 08:53:16,  -05:00,       ,   41.7323380,  -71.4249725,    36.8, 29.84,    24.9,  11.0,   0.00,   0.00,  -12.04,   3.42,  -0.45,   0.01,  -0.00, 284.8, 284.1,  24.9,  24.3,  -6.5,  40.08,  37.13,     0.00,  172.51,   -1.03,  29.86,    0.0,    0.00,  225.29,  216.41,  221.23,  214.64,  209.46,  189.97,  284.07,  307.50,  239.68,  245.08,  221.04,  209.48, 1221.20,  400.88,   -74.1,   0,  GPS,  230.4, 109.30, 109.30, 120.700, 121.900,       ,       ,       ,      ,       ,       ,  -14.3,      0,  NONE,   NONE,      ,      ,   0.0,     3D, 3704,      ,       , 201.5,       
2017-12-06, 08:53:17,  -05:00,       ,   41.7323380,  -71.4249725,    36.8, 29.84,    25.3,  11.0,   0.00,   0.00,   -7.94,   3.44,  -0.45,   0.01,  -0.00, 284.8, 284.1,  24.9,  24.3,  -6.5,  40.08,  37.13,     0.00,  172.48,   -1.04,  29.86,    0.0,    0.00,  225.26,  216.40,  221.20,  214.59,  209.46,  189.97,  283.76,  307.31,  239.50,  244.89,  220.85,  209.31, 1217.11,  400.75,   -73.8,   0,  GPS,  230.4, 109.30, 109.30, 120.700, 121.900,       ,       ,       ,      ,       ,       ,  -14.3,      0,  NONE,   NONE,      ,      ,   0.0,     3D, 3704,      ,       , 201.5,       
2017-12-06, 08:53:18,  -05:00,       ,   41.7323341,  -71.4249725,    37.8, 29.84,    25.4,  11.0,   0.00,   0.00,   -6.56,   3.46,  -0.46,   0.01,  -0.00, 284.8, 284.1,  24.9,  24.3,  -6.5,  40.08,  37.13,     0.00,  172.51,   -1.03,  29.86,    0.0,    0.00,  225.25,  216.37,  221.19,  214.59,  209.43,  189.94,  283.86,  307.21,  239.43,  244.74,  220.70,  209.18, 1213.03,  400.48,   -73.6,   0,  GPS,  230.4, 109.30, 109.30, 120.700, 121.900,       ,       ,       ,      ,       ,       ,  -14.3,      0,  NONE,   NONE,      ,      ,   0.0,     3D, 3704,      ,       , 201.5,       
2017-12-06, 08:53:19,  -05:00,       ,   41.7323303,  -71.4249725,    37.8, 29.84,    25.8,  11.0,   0.00,   0.00,   -0.29,   3.48,  -0.48,   0.01,  -0.00, 284.8, 284.1,  24.9,  24.3,  -6.5,  40.08,  37.13,     0.00,  172.49,   -1.03,  29.85,    0.0,    0.00,  225.22,  216.34,  221.17,  214.56,  209.41,  189.92,  283.40,  306.88,  239.25,  244.60,  220.55,  209.07, 1208.96,  399.57,   -73.3,   0,  GPS,  230.4, 109.30, 109.30, 120.700, 121.900,       ,       ,       ,      ,       ,       ,  -14.3,      0,  NONE,   NONE,      ,      ,   0.0,     3D, 3704,      ,       , 201.5,       
2017-12-06, 08:53:20,  -05:00,       ,   41.7323303,  -71.4249725,    36.8, 29.84,    26.2,  11.0,   0.00,   0.00,  -12.03,   3.49,  -0.51,   0.01,   0.00, 284.7, 284.1,  24.9,  24.3,  -6.5,  40.08,  37.13,     0.00,  172.50,   -1.03,  29.85,    0.0,    0.00,  225.18,  216.34,  221.13,  214.52,  209.40,  189.88,  282.92,  306.79,  239.07,  244.45,  220.42,  208.93, 1204.95,  399.11,   -72.9,   0,  GPS,  230.4, 109.30, 109.30, 120.700, 121.900,       ,       ,       ,      ,       ,       ,  -14.3,      0,  NONE,   NONE,      ,      ,   0.0,     3D, 3704,      ,       , 201.5,       
2017-12-06, 08:53:21,  -05:00,       ,   41.7323265,  -71.4249725,    36.8, 29.84,    26.7,  11.0,   0.00,   0.00,  -15.85,   3.50,  -0.51,   0.01,   0.00, 284.7, 284.1,  24.9,  24.3,  -6.5,  40.08,  37.13,     0.00,  172.50,   -1.02,  29.86,    0.0,    0.00,  225.17,  216.30,  221.11,  214.52,  209.34,  189.89,  282.39,  306.68,  238.92,  244.30,  220.27,  208.78, 1200.99,  399.26,   -72.4,   0,  GPS,  230.4, 109.30, 109.30, 120.700, 121.900,       ,       ,       ,      ,       ,       ,  -14.3,      0,  NONE,   NONE,      ,      ,   0.0,     3D, 3704,      ,       , 201.5,       
2017-12-06, 08:53:22,  -05:00,       ,   41.7323265,  -71.4249725,    36.8, 29.84,    26.8,  11.0,   0.00,   0.00,  -10.04,   3.52,  -0.51,   0.01,  -0.00, 284.7, 284.1,  24.9,  24.3,  -6.5,  40.08,  37.13,     0.00,  172.49,   -1.02,  29.85,    0.0,    0.00,  225.14,  216.28,  221.08,  214.49,  209.34,  189.85,  282.15,  306.46,  238.77,  244.11,  220.11,  208.67, 1197.01,  399.21,   -72.2,   0,  GPS,  230.4, 109.30, 109.30, 120.700, 121.900,       ,       ,       ,      ,       ,       ,  -14.3,      0,  NONE,   NONE,      ,      ,   0.0,     3D, 3704,      ,       , 201.5,       
2017-12-06, 08:53:23,  -05:00,       ,   41.7323189,  -71.4249802,    37.8, 29.84,    26.7,  11.0,   0.00,   0.00,   -0.50,   3.53,  -0.52,   0.01,   0.00, 284.7, 284.1,  24.9,  24.3,  -6.5,  40.08,  37.13,     0.00,  172.49,   -1.03,  29.85,    0.0,    0.00,  225.11,  216.26,  221.06,  214.46,  209.29,  189.85,  281.93,  306.10,  238.62,  243.93,  219.93,  208.50, 1193.03,  398.86,   -72.4,   0,  GPS,  230.4, 109.30, 109.30, 120.700, 121.900,       ,       ,       ,      ,       ,       ,  -14.3,      0,  NONE,   NONE,      ,      ,   0.0,     3D, 3704,      ,       , 201.5,       
2017-12-06, 08:53:24,  -05:00,       ,   41.7323189,  -71.4249802,    36.8, 29.84,    26.9,  11.0,   0.00,   0.00,   -0.01,   3.54,  -0.52,   0.01,  -0.00, 284.7, 284.1,  24.9,  24.3,  -6.5,  40.07,  37.13,     0.00,  172.49,   -1.02,  29.85,    0.0,    0.00,  225.11,  216.25,  221.05,  214.46,  209.27,  189.83,  282.07,  305.63,  238.48,  243.74,  219.79,  208.39, 1188.97,  398.87,   -72.1,   0,  GPS,  230.4, 109.30, 109.30, 120.700, 121.900,       ,       ,       ,      ,       ,       ,  -14.3,      0,  NONE,   NONE,      ,      ,   0.0,     3D, 3704,      ,       , 201.5,       
2017-12-06, 08:53:25,  -05:00,       ,   41.7323189,  -71.4249802,    36.8, 29.84,    26.8,  11.0,   0.00,   0.00,  -13.05,   3.56,  -0.53,   0.01,  -0.00, 284.7, 284.1,  24.9,  24.3,  -6.5,  40.08,  37.13,     0.00,  172.49,   -1.03,  29.85,    0.0,    0.00,  225.05,  216.22,  221.02,  214.41,  209.26,  189.82,  282.42,  305.58,  238.37,  243.66,  219.68,  208.24, 1185.11,  398.44,   -72.2,   0,  GPS,  230.4, 109.30, 109.30, 120.700, 121.900,       ,       ,       ,      ,       ,       ,  -14.3,      0,  NONE,   NONE,      ,      ,   0.0,     3D, 3704,      ,       , 201.5,       
2017-12-06, 08:53:26,  -05:00,       ,   41.7323189,  -71.4249802,    36.8, 29.84,    26.6,  11.0,   0.00,   0.00,  -15.89,   3.56,  -0.52,   0.01,  -0.00, 284.7, 284.1,  24.9,  24.3,  -6.5,  40.08,  37.13,     0.00,  172.49,   -1.02,  29.85,    0.0,    0.00,  225.05,  216.19,  220.98,  214.41,  209.22,  189.80,  282.32,  305.64,  238.19,  243.51,  219.50,  208.13, 1181.23,  397.91,   -72.4,   0,  GPS,  230.4, 109.30, 109.30, 120.700, 121.900,       ,       ,       ,      ,       ,       ,  -14.3,      0,  NONE,   NONE,      ,      ,   0.0,     3D, 3704,      ,       , 201.5,       
2017-12-06, 08:53:27,  -05:00,       ,   41.7323189,  -71.4249802,    36.8, 29.84,    26.8,  11.0,   0.00,   0.00,  -16.00,   3.57,  -0.52,   0.01,  -0.00, 284.7, 284.1,  24.9,  24.3,  -6.5,  40.08,  37.14,     0.00,  172.49,   -1.02,  29.85,    0.0,    0.00,  225.02,  216.16,  220.98,  214.38,  209.21,  189.77,  282.12,  305.82,  238.03,  243.34,  219.36,  207.98, 1177.16,  398.14,   -72.3,   0,  GPS,  230.4, 109.30, 109.30, 120.700, 121.900,       ,       ,       ,      ,       ,       ,  -14.3,      0,  NONE,   NONE,      ,      ,   0.0,     3D, 3704,      ,       , 201.5,       
2017-12-06, 08:53:28,  -05:00,       ,   41.7323151,  -71.4249802,    36.8, 29.84,    26.6,  11.0,   0.00,   0.00,  -15.87,   3.57,  -0.52,   0.01,  -0.00, 284.7, 284.1,  24.9,  24.3,  -6.5,  40.08,  37.14,     0.00,  172.49,   -1.02,  29.86,    0.0,    0.00,  224.99,  216.13,  220.93,  214.37,  209.19,  189.76,  282.04,  305.77,  237.88,  243.19,  219.21,  207.84, 1173.21,  398.48,   -72.5,   0,  GPS,  230.4, 109.30, 109.30, 120.700, 121.900,       ,       ,       ,      ,       ,       ,  -14.3,      0,  NONE,   NONE,      ,      ,   0.0,     3D, 3704,      ,       , 202.0,       
2017-12-06, 08:53:29,  -05:00,       ,   41.7323189,  -71.4249802,    36.8, 29.84,    26.3,  11.0,   0.00,   0.00,   -1.35,   3.57,  -0.51,   0.01,  -0.00, 284.6, 284.1,  24.9,  24.3,  -6.5,  40.08,  37.14,     0.00,  172.48,   -1.02,  29.85,    0.0,    0.00,  224.96,  216.13,  220.91,  214.36,  209.16,  189.74,  282.37,  305.42,  237.65,  243.01,  219.02,  207.66, 1169.27,  397.55,   -72.7,   0,  GPS,  230.4, 109.30, 109.30, 120.700, 121.900,       ,       ,       ,      ,       ,       ,  -14.3,      0,  NONE,   NONE,      ,      ,   3.9,     3D, 3704,      ,       , 202.0,       
2017-12-06, 08:53:30,  -05:00,       ,   41.7323151,  -71.4249802,    36.8, 29.84,    26.3,  11.0,   0.00,   0.00,   -0.04,   3.58,  -0.51,   0.01,  -0.00, 284.7, 284.1,  24.9,  24.3,  -6.5,  40.08,  37.14,     0.00,  172.49,   -1.02,  29.85,    0.0,    0.00,  224.93,  216.11,  220.88,  214.34,  209.13,  189.73,  282.77,  305.01,  237.51,  242.83,  218.88,  207.52, 1165.37,  397.18,   -72.7,   0,  GPS,  230.4, 109.30, 109.30, 120.700, 121.900,       ,       ,       ,      ,       ,       ,  -14.3,      0,  NONE,   NONE,      ,      ,   0.0,     3D, 3704,      ,       , 202.0,       
2017-12-06, 08:53:31,  -05:00,       ,   41.7323074,  -71.4249725,    36.8, 29.84,    37.2,  11.0,   0.00,   0.00,   -0.00,   3.58,  -0.52,   0.01,   0.00, 284.6, 284.1,  24.9,  24.3,  -6.5,  40.08,  37.14,     0.00,  172.49,   -1.01,  29.85,    0.0,    0.00,  224.91,  216.10,  220.86,  214.31,  209.10,  189.73,  282.39,  304.98,  237.34,  242.64,  218.76,  207.37, 1161.53,  396.97,   -61.8,   0,  GPS,  230.4, 109.30, 109.30, 120.700, 121.900,       ,       ,       ,      ,       ,       ,  -14.3,      0,  NONE,   NONE,      ,      ,   3.9,     3D, 3704,      ,       , 130.5,       
2017-12-06, 08:53:32,  -05:00,       ,   41.7323112,  -71.4249725,    36.8, 29.84,    36.7,  11.0,   0.00,   0.00,   -0.00,   3.58,  -0.49,   0.00,  -0.00, 284.6, 284.1,  24.9,  24.3,  -6.5,  40.08,  37.14,     0.00,  172.49,   -1.01,  29.86,    0.0,    0.00,  224.87,  216.05,  220.84,  214.28,  209.07,  189.70,  282.24,  304.86,  237.19,  242.52,  218.64,  207.29, 1157.74,  397.13,   -62.3,   0,  GPS,  230.4, 109.30, 109.30, 120.700, 121.900,       ,       ,       ,      ,       ,       ,  -14.3,      0,  NONE,   NONE,      ,      ,   0.0,     3D, 3704,      ,       , 129.5,       
2017-12-06, 08:53:33,  -05:00,       ,   41.7323074,  -71.4249725,    36.8, 29.84,    36.7,  11.0,   0.00,   0.00,  -13.46,   3.59,  -0.51,   0.01,  -0.00, 284.6, 284.1,  24.9,  24.3,  -6.5,  40.08,  37.13,     0.00,  172.46,   -1.01,  29.86,    0.0,    0.00,  224.87,  216.04,  220.81,  214.25,  209.04,  189.69,  282.01,  304.61,  236.98,  242.38,  218.51,  207.15, 1153.97,  397.36,   -62.4,   0,  GPS,  230.4, 109.30, 109.30, 120.700, 121.900,       ,       ,       ,      ,       ,       ,  -14.3,      0,  NONE,   NONE,      ,      ,   0.0,     3D, 3704,      ,       , 129.0,       
2017-12-06, 08:53:34,  -05:00,       ,   41.7323112,  -71.4249725,    36.8, 29.84,    36.6,  11.0,   0.00,   0.00,  -15.78,   3.59,  -0.51,   0.01,   0.00, 284.6, 284.1,  24.9,  24.3,  -6.5,  40.08,  37.13,     0.00,  172.48,   -1.02,  29.85,    0.0,    0.00,  224.82,  216.04,  220.78,  214.22,  209.01,  189.67,  282.34,  304.15,  236.75,  242.21,  218.29,  206.96, 1150.20,  397.65,   -62.4,   0,  GPS,  230.4, 109.30, 109.30, 120.700, 121.900,       ,       ,       ,      ,       ,       ,  -14.3,      0,  NONE,   NONE,      ,      ,   0.0,     3D, 3704,      ,       , 129.0,       
2017-12-06, 08:53:35,  -05:00,       ,   41.7323112,  -71.4249725,    36.8, 29.84,    36.5,  11.0,   0.00,   0.00,   -2.79,   3.59,  -0.51,   0.01,   0.00, 284.6, 284.1,  24.9,  24.3,  -6.5,  40.08,  37.13,     0.00,  172.46,   -1.01,  29.85,    0.0,    0.00,  224.81,  215.99,  220.76,  214.24,  208.98,  189.65,  282.47,  303.79,  236.67,  242.12,  218.21,  206.85, 1146.48,  397.92,   -62.6,   0,  GPS,  230.4, 109.30, 109.30, 120.700, 121.900,       ,       ,       ,      ,       ,       ,  -14.3,      0,  NONE,   NONE,      ,      ,   0.0,     3D, 3704,      ,       , 129.0,       
2017-12-06, 08:53:36,  -05:00,       ,   41.7323112,  -71.4249725,    36.8, 29.84,    36.6,  11.0,   0.00,   0.00,  -14.52,   3.60,  -0.49,   0.01,  -0.00, 284.6, 284.1,  24.9,  24.3,  -6.5,  40.08,  37.13,     0.00,  172.46,   -1.01,  29.85,    0.0,    0.00,  224.78,  215.98,  220.72,  214.19